text,true_emotion,predicted_emotion
"Taking umbrage because Jimmy Carr claimed that Bilbo Baggins went to Mordor on 8 out of 10 cats does Countdown. Know your Baggins', mate.",anger,anger
"Why to have vanity sizes?Now sizes S,XS(evenXXS sometimes) are too big, WTF?! Dear corporate jerks, Lithuania didn't need this. #rant ",anger,anger
i live and die for mchanzo honeymoon crashing and burning the second they move in together,anger,sadness
I wouldn't have #anger issues.....if she didn't have #lying issues.....think about that one. #pow #lies #confusion,anger,anger
Just joined #pottermore and was sorted into HUFFLEPUFF ğŸ˜¡ğŸ˜¡ğŸ˜¡ #fuming,anger,anger
Sometimes I get mad over something so minuscule I try to ruin somebodies life not like lose your job like get you into federal prison ,anger,anger
Literally fuming fuck sake,anger,anger
I hope my hustle don't offend nobody,anger,sadness
Might just leave and aggravate bae,anger,anger
@DailyMirror i love how theres no outrage that it's a white man but if it was a black man them BLM would be all over it regardless of reason,anger,anger
For the first time in my madden career I just set up a farm account. Should make MOTM much easier,anger,joy
"@LaureEve I am sitting here wrapped in a fluffy blanket, with incense burning, listening to Bon Iver and drinking mulled wine. I'm there.",anger,joy
"Is it me, or is Ding wearing the look of a man who's just found his arch enemy in bed with his missus? #angryman ",anger,anger
"@FluDino Event started! everyone is getting ready to travel to the lake of rage, where everything glows",anger,joy
@fluffysoftlouis no no. I insist that you give me your best insult first,anger,anger
"Kik to trade, have fun or a conversation  (kik: youraffair) #kik #kikme #messageme #textme #pics #trade #tradepics #dm  #bored",anger,joy
@komal_sidhnani true...\nThey r burning with other's pleasure!\nPpl in true love happiness everywhere _ğŸ˜ƒ,anger,joy
Just joined #pottermore and was sorted into HUFFLEPUFF ğŸ˜¡ğŸ˜¡ğŸ˜¡ ,anger,anger
@__NETFLIXNCHILL I fuck with madden way harder,anger,joy
Sorry guys I have absolutely no idea what time i'll be on cam tomorrow but will keep you posted. #fuming,anger,anger
When you're scared to press send #bgoodthepoet #PrayForMe #ThisIsAGodDream #career #help #fear #heart #HeartRacing,fear,fear
"They'll be yo friend, shake your hand, then kick in yo door thas the way the game goğŸ¤–ğŸ¤.",fear,fear
@AttentiAlGatto LOL! Why would it scare me? It doesn't make any sense at all but it doesn't scare me! {chuckles},fear,joy
"Honestly, there are some awful people on the internet... smh...",fear,sadness
I have been seeing terrible terrible prescriptions this week. What's going on?,fear,fear
Trying to book holiday flights on @britishairways website is becoming a ,fear,fear
Another fun fact: i am afraid,fear,fear
About 7 weeks till I can pick up my camera again. Though I think there is a group cemetery shoot in october I can make! #photography #horror,fear,fear
"@stephenfhayes Mustard gas = hostile work environment, not #terrorism; call #OSHA not #military",fear,anger
Tweeting from the sporadic wifi on the tube #perilous,fear,fear
There goes the butterflies in my stomach. #nervous #anxietyproblems,fear,fear
"Really.....#Jumanji 2....w/ The Rock, Jack Black, and Kevin Hart...are you kidding me! WTF! #ThisIsATerribleIdea #horrible",fear,anger
Northampton are awful ğŸ™ˆ,fear,sadness
@hollywooddivas @TMZ_Sports Idiots like Larry Sanders scare us All!How can Morons these days Rush 2 Judge #Police w/o all facts yet?FU thugs,fear,anger
#Awareness seek #shelter .#Letgo Old #habit of chasing #desires resultin in #anger #fear #worry .#Choose #Satisfaction within #Peace #Relax,fear,anger
Thanks for ripping me off again #Luthansa â‚¬400 not enough for a one way flight to man from Frk then â‚¬30 for a bag then free at gate #awful,fear,anger
The moment you bring her to meet your best friend and you're nervous af! ğŸ˜¬ğŸ˜†  #thefriendtest,fear,fear
"Gahh...BT, in queue for 30 minutes.. Now put through to BT Sport dept to cancel... back in a queue again... ",fear,anger
also i had an awful nightmare involving being sick where worms were involved i was so disgusted when i woke up,fear,fear
@BuzzFeed so this houses will get into my instestines and scare my poop and I'll shit my pants?,fear,fear
"A cheerful heart is good medicine, but a broken spirit saps a person's strength.' {Proverbs 17:22} #WednesdayWisdom",joy,joy
"@PhilGlutting Hey There Phil Glutting thank you for following us, it's appreciated :) #smile",joy,joy
A #new day to #live and #smile. Hope all the #followers a nice #night or #day. :D,joy,joy
"@PhilGlutting Hey There Phil Glutting thank you for following us, it's appreciated :) ",joy,joy
"@airtelindia have some issues with my broadband bill ,I am charged for the month before I signed up with airtel.. ",joy,anger
It feels good to get outside for a minute and get some fresh air.  It's hard to stay cooped up inside all day #breezy,joy,joy
Somebody who has braved the storm is brewing. #cheerful,joy,joy
Dolores.' A thin lipped smile graced glossed lips as she let blues peer over at the woman. ' A constant delight.. As always.',joy,joy
I turn 25 in two weeks. I am so happy. 24 was my darkest year yet. I am elated that I survived,joy,joy
@kwelbyroberts they will come and you will rejoice at their arrival.,joy,joy
@harrietemmett great minds think alike. ,joy,joy
Sioux Valley wins home competitive #cheer invite with a score of 158. ...Dell Rapids second at 138,joy,joy
@GigaFag @pipertownsend_ snapchat new would beg to differ ,joy,anger
@tomderivan73 ğŸ˜...I'll just people watch and enjoy a rare show of optimism,joy,joy
So far ours greet have raised Â£250 for @HGatChristmas with more to come in #sparkling @CllrJohnFox @simoncotton69,joy,joy
"If any trump supporters and Hillary haters wanna chirp some weak minded, pandering liberals just tweet at @EmmyA2 @snickerfritz04",joy,anger
A hearty Jonza! to all my friends and follower.,joy,joy
How can l rule my mind !!!!!! \nIt's hilarious that you can't ğŸ˜­ğŸ˜‘ğŸ˜®,joy,sadness
Somebody who has braved the storm is brewing. ,joy,fear
"@theclobra lol I thought maybe, couldn't decide if there was levity or not",joy,joy
@kayleighmcenany  @DonaldJTrumpJr Is that really all you can offer for those who sacrifice daily to keep you safe...? @kayleighmcenany #sad,sadness,sadness
"Just watched Django Unchained, Other people may frown, but I titter in delight! 2/5",sadness,joy
you are on an endless journey of figuring yourself out; don't be discouraged when you don't know who you are yet.,sadness,sadness
Season 3 and Charlie is still a prick! #lost,sadness,anger
yesterday i finished watching penny dreadful and from all the beautiful things i saw one question remains: were the writers HIM's fans?,sadness,joy
Public products: high downhearted price tag consumer survey sum and substance: OVth,sadness,sadness
aaahhhh! a little @OtisRedding to soothe the soul. #music #blues,sadness,joy
"Hello my dear friends, I will be back online this Friday night. I miss you! #sober #sobriety #recovery",sadness,joy
"We are about a little over an hour away! We will arrive soon, do not fret!",sadness,joy
"A pessimist is someone who, when opportunity knocks, complains about the noise #mikeshumor",sadness,joy
A .500 season is all I'm looking for at this point. #depressing #royals,sadness,sadness
I can't WAIT to go to work tomorrow with a high as fuck fever. [sarcasm]\nHopefully I'll feel better tomorrow.\nBut I doubt it. #pessimism,sadness,sadness
Don't depress yourself by comparing yourself. No comparisons.,sadness,sadness
@1johndes ball watching &amp; Rojo'd header was equally dreadful!!,sadness,anger
It feel like we lost a family memberğŸ™„ğŸ˜‚,sadness,sadness
and for inconsolable Oxford academics - 'Brussels should just ignore the #Brexit vote and tell the UK it can't leave the EU....ever....wah',sadness,sadness
"@DxfyingGrxvity - frustration, looking up at Elphaba in a frown of aggravation. Her high pitched voice was growing more and more --",sadness,anger
"@Virgin_TrainsEC I feel for the conductor tonight, he's obviously taken grief over the last few weeks, he sounds weary of apologising!",sadness,sadness
Soooo badly want to dye my hair dark but have never been dark before soooo torn ğŸ˜­ğŸ˜­ğŸ˜­,sadness,sadness
Folk Band 'Thistle Down' will be replaced by 'The Paul Edwards Quartet' at Laurel Bank Park Sat 24 11am - 3pm due to ill health #jazz ,sadness,sadness
